Date,Survey,Tag,Location
6/5/2015,1,100,NatPark
6/5/2015,1,101,NatPark
6/5/2015,1,102,NatPark
6/5/2015,1,103,NatPark
6/5/2015,1,104,NatPark
6/5/2015,1,105,NatPark
6/5/2015,1,106,NatPark
6/5/2015,1,107,NatPark
6/5/2015,1,108,NatPark
6/5/2015,1,109,NatPark
6/5/2015,1,110,NatPark
6/5/2015,1,111,NatPark
6/5/2015,1,112,NatPark
6/5/2015,1,113,NatPark
6/5/2015,1,114,NatPark
6/5/2015,1,115,NatPark
6/5/2015,1,116,NatPark
6/5/2015,1,117,NatPark
6/5/2015,1,118,NatPark
6/5/2015,1,119,NatPark
6/5/2015,1,120,NatPark
6/5/2015,1,121,NatPark
6/5/2015,1,122,NatPark
6/5/2015,1,123,NatPark
6/5/2015,1,124,NatPark
6/5/2015,1,125,NatPark
6/5/2015,1,126,NatPark
6/5/2015,1,127,NatPark
6/5/2015,1,128,NatPark
6/5/2015,1,129,NatPark
6/5/2015,1,130,NatPark
6/5/2015,1,131,NatPark
6/5/2015,1,132,NatPark
6/5/2015,1,133,NatPark
6/5/2015,1,134,NatPark
6/5/2015,1,135,NatPark
6/5/2015,1,136,NatPark
6/5/2015,1,137,NatPark
6/1/2016,2,138,NatPark
6/1/2016,2,139,NatPark
6/1/2016,2,140,NatPark
6/1/2016,2,141,NatPark
6/1/2016,2,142,NatPark
6/1/2016,2,143,NatPark
6/1/2016,2,144,NatPark
6/1/2016,2,145,NatPark
6/1/2016,2,146,NatPark
6/1/2016,2,147,NatPark
6/1/2016,2,148,NatPark
6/1/2016,2,149,NatPark
6/1/2016,2,104,NatPark
6/1/2016,2,105,NatPark
6/1/2016,2,106,NatPark
6/1/2016,2,107,NatPark
6/1/2016,2,108,NatPark
6/1/2016,2,109,NatPark
6/1/2016,2,116,NatPark
6/1/2016,2,129,NatPark
6/4/2017,3,150,NatPark
6/4/2017,3,151,NatPark
6/4/2017,3,152,NatPark
6/4/2017,3,153,NatPark
6/4/2017,3,154,NatPark
6/4/2017,3,155,NatPark
6/4/2017,3,156,NatPark
6/4/2017,3,157,NatPark
6/4/2017,3,158,NatPark
6/4/2017,3,159,NatPark
6/4/2017,3,160,NatPark
6/4/2017,3,161,NatPark
6/4/2017,3,115,NatPark
6/4/2017,3,116,NatPark
6/4/2017,3,117,NatPark
6/4/2017,3,118,NatPark
6/4/2017,3,119,NatPark
6/4/2017,3,120,NatPark
6/4/2017,3,137,NatPark
6/4/2017,3,138,NatPark
6/4/2017,3,139,NatPark
6/4/2017,3,140,NatPark
6/4/2017,3,141,NatPark
6/4/2017,3,142,NatPark
6/4/2017,3,143,NatPark
6/4/2017,3,145,NatPark
6/4/2017,3,146,NatPark
6/4/2017,3,147,NatPark
6/4/2017,3,148,NatPark
6/4/2017,3,100,NatPark
6/4/2017,3,101,NatPark
6/7/2018,4,162,NatPark
6/7/2018,4,163,NatPark
6/7/2018,4,164,NatPark
6/7/2018,4,165,NatPark
6/7/2018,4,166,NatPark
6/7/2018,4,167,NatPark
6/7/2018,4,168,NatPark
6/7/2018,4,169,NatPark
6/7/2018,4,170,NatPark
6/7/2018,4,108,NatPark
6/7/2018,4,109,NatPark
6/7/2018,4,110,NatPark
6/7/2018,4,111,NatPark
6/7/2018,4,117,NatPark
6/7/2018,4,118,NatPark
6/7/2018,4,119,NatPark
6/7/2018,4,120,NatPark
6/7/2018,4,121,NatPark
6/7/2018,4,122,NatPark
6/7/2018,4,123,NatPark
6/7/2018,4,124,NatPark
6/7/2018,4,144,NatPark
6/7/2018,4,145,NatPark
6/7/2018,4,146,NatPark
6/7/2018,4,147,NatPark
6/7/2018,4,150,NatPark
6/7/2018,4,151,NatPark
6/7/2018,4,152,NatPark
6/7/2018,4,153,NatPark
6/10/2015,1,300,Energy
6/10/2015,1,301,Energy
6/10/2015,1,302,Energy
6/10/2015,1,303,Energy
6/10/2015,1,304,Energy
6/10/2015,1,305,Energy
6/10/2015,1,306,Energy
6/10/2015,1,307,Energy
6/10/2015,1,308,Energy
6/10/2015,1,309,Energy
6/10/2015,1,310,Energy
6/10/2015,1,311,Energy
6/10/2015,1,312,Energy
6/10/2015,1,313,Energy
6/10/2015,1,314,Energy
6/10/2015,1,315,Energy
6/10/2015,1,316,Energy
6/10/2015,1,317,Energy
6/10/2015,1,318,Energy
6/10/2015,1,319,Energy
6/10/2015,1,320,Energy
6/10/2015,1,321,Energy
6/10/2015,1,322,Energy
6/10/2015,1,323,Energy
6/10/2015,1,324,Energy
6/10/2015,1,325,Energy
6/10/2015,1,326,Energy
6/10/2015,1,327,Energy
6/10/2015,1,328,Energy
6/10/2015,1,329,Energy
6/10/2015,1,330,Energy
6/10/2015,1,331,Energy
6/10/2015,1,332,Energy
6/10/2015,1,333,Energy
6/10/2015,1,334,Energy
6/3/2016,2,335,Energy
6/3/2016,2,336,Energy
6/3/2016,2,337,Energy
6/3/2016,2,338,Energy
6/3/2016,2,339,Energy
6/3/2016,2,340,Energy
6/3/2016,2,341,Energy
6/3/2016,2,342,Energy
6/3/2016,2,343,Energy
6/3/2016,2,344,Energy
6/3/2016,2,345,Energy
6/3/2016,2,346,Energy
6/3/2016,2,347,Energy
6/3/2016,2,348,Energy
6/3/2016,2,349,Energy
6/3/2016,2,350,Energy
6/3/2016,2,351,Energy
6/3/2016,2,352,Energy
6/3/2016,2,353,Energy
6/3/2016,2,354,Energy
6/3/2016,2,355,Energy
6/3/2016,2,356,Energy
6/3/2016,2,304,Energy
6/3/2016,2,305,Energy
6/3/2016,2,306,Energy
6/3/2016,2,307,Energy
6/3/2016,2,308,Energy
6/3/2016,2,309,Energy
6/3/2016,2,310,Energy
6/3/2016,2,311,Energy
6/3/2016,2,312,Energy
6/3/2016,2,313,Energy
6/3/2016,2,314,Energy
6/3/2016,2,315,Energy
6/5/2017,3,357,Energy
6/5/2017,3,358,Energy
6/5/2017,3,359,Energy
6/5/2017,3,360,Energy
6/5/2017,3,361,Energy
6/5/2017,3,362,Energy
6/5/2017,3,363,Energy
6/5/2017,3,364,Energy
6/5/2017,3,365,Energy
6/5/2017,3,366,Energy
6/5/2017,3,367,Energy
6/5/2017,3,368,Energy
6/5/2017,3,319,Energy
6/5/2017,3,320,Energy
6/5/2017,3,321,Energy
6/5/2017,3,322,Energy
6/5/2017,3,323,Energy
6/5/2017,3,324,Energy
6/5/2017,3,337,Energy
6/5/2017,3,338,Energy
6/5/2017,3,343,Energy
6/5/2017,3,344,Energy
6/5/2017,3,345,Energy
6/8/2018,4,369,Energy
6/8/2018,4,370,Energy
6/8/2018,4,371,Energy
6/8/2018,4,372,Energy
6/8/2018,4,373,Energy
6/8/2018,4,374,Energy
6/8/2018,4,357,Energy
6/8/2018,4,358,Energy
6/8/2018,4,361,Energy
6/8/2018,4,362,Energy
6/8/2018,4,363,Energy
6/8/2018,4,336,Energy
6/8/2018,4,337,Energy
6/8/2018,4,338,Energy
6/8/2018,4,341,Energy
